,종목코드,종목명,업종,코스닥여부
0,000020,동화약품,제약,N
1,000040,KR모터스,자동차,N
2,000050,경방,"섬유,의류,신발,호화품",N
3,000060,메리츠화재,손해보험,N
4,000070,삼양홀딩스,식품,N
5,000075,삼양홀딩스우,식품,N
6,000080,하이트진로,음료,N
7,000087,하이트진로2우B,음료,N
8,000100,유한양행,제약,N
9,000105,유한양행우,제약,N
10,000120,CJ대한통운,항공화물운송과물류,N
11,000140,하이트진로홀딩스,음료,N
12,000145,하이트진로홀딩스우,음료,N
13,000150,두산,복합기업,N
14,000155,두산우,복합기업,N
15,000157,두산2우B,복합기업,N
16,000180,성창기업지주,종이와목재,N
17,000210,대림산업,건설,N
18,000215,대림산업우,건설,N
19,000220,유유제약,제약,N
20,000225,유유제약1우,제약,N
21,000227,유유제약2우B,제약,N
22,000230,일동홀딩스,제약,N
23,000240,한국테크놀로지그룹,자동차부품,N
24,000270,기아차,자동차,N
25,000300,대유플러스,자동차부품,N
26,000320,노루홀딩스,건축자재,N
27,000325,노루홀딩스우,건축자재,N
28,000370,한화손해보험,손해보험,N
29,000390,삼화페인트,건축자재,N
30,000400,롯데손해보험,손해보험,N
31,000430,대원강업,자동차부품,N
32,000480,조선내화,비철금속,N
33,000490,대동공업,기계,N
34,000500,가온전선,전기장비,N
35,000520,삼일제약,제약,N
36,000540,흥국화재,손해보험,N
37,000545,흥국화재우,손해보험,N
38,000547,흥국화재2우B,손해보험,N
39,000590,CS홀딩스,철강,N
40,000640,동아쏘시오홀딩스,제약,N
41,000650,천일고속,도로와철도운송,N
42,000660,SK하이닉스,반도체와반도체장비,N
43,000670,영풍,핸드셋,N
44,000680,LS네트웍스,"섬유,의류,신발,호화품",N
45,000700,유수홀딩스,항공화물운송과물류,N
46,000720,현대건설,건설,N
47,000725,현대건설우,건설,N
48,000760,이화산업,화학,N
49,000810,삼성화재,손해보험,N
50,000815,삼성화재우,손해보험,N
51,000850,화천기공,기계,N
52,000860,강남제비스코,건축자재,N
53,000880,한화,생명보험,N
54,000885,한화우,생명보험,N
55,00088K,한화3우B,생명보험,N
56,000890,보해양조,음료,N
57,000910,유니온,건축자재,N
58,000950,전방,"섬유,의류,신발,호화품",N
59,000970,한국주철관,철강,N
60,000990,DB하이텍,반도체와반도체장비,N
61,000995,DB하이텍1우,반도체와반도체장비,N
62,001020,페이퍼코리아,종이와목재,N
63,001040,CJ,복합기업,N
64,001045,CJ우,복합기업,N
65,00104K,CJ4우(전환),복합기업,N
66,001060,JW중외제약,제약,N
67,001065,JW중외제약우,제약,N
68,001067,JW중외제약2우B,제약,N
69,001070,대한방직,"섬유,의류,신발,호화품",N
70,001080,만호제강,철강,N
71,001120,LG상사,무역회사와판매업체,N
72,001130,대한제분,식품,N
73,001140,국보,항공화물운송과물류,N
74,001200,유진투자증권,증권,N
75,001210,금호전기,디스플레이장비및부품,N
76,001230,동국제강,철강,N
77,001250,GS글로벌,무역회사와판매업체,N
78,001260,남광토건,건설,N
79,001270,부국증권,증권,N
80,001275,부국증권우,증권,N
81,001290,상상인증권,증권,N
82,001340,백광산업,화학,N
83,001360,삼성제약,제약,N
84,001380,SG충방,자동차부품,N
85,001390,KG케미칼,화학,N
86,001420,태원물산,자동차부품,N
87,001430,세아베스틸,철강,N
88,001440,대한전선,전기장비,N
89,001450,현대해상,손해보험,N
90,001460,BYC,"섬유,의류,신발,호화품",N
91,001465,BYC우,"섬유,의류,신발,호화품",N
92,001470,삼부토건,건설,N
93,001500,현대차증권,증권,N
94,001510,SK증권,증권,N
95,001515,SK증권우,증권,N
96,001520,동양,건축자재,N
97,001525,동양우,건축자재,N
98,001527,동양2우B,건축자재,N
99,001529,동양3우B,건축자재,N
100,001530,DI동일,"섬유,의류,신발,호화품",N
101,001550,조비,화학,N
102,001560,제일연마,비철금속,N
103,001570,금양,화학,N
104,001620,케이비아이동국실업,자동차부품,N
105,001630,종근당홀딩스,제약,N
106,001680,대상,식품,N
107,001685,대상우,식품,N
108,001720,신영증권,증권,N
109,001725,신영증권우,증권,N
110,001740,SK네트웍스,복합기업,N
111,001745,SK네트웍스우,복합기업,N
112,001750,한양증권,증권,N
113,001755,한양증권우,증권,N
114,001770,신화실업,철강,N
115,001780,알루코,비철금속,N
116,001790,대한제당,식품,N
117,001795,대한제당우,식품,N
118,001800,오리온홀딩스,식품,N
119,001820,삼화콘덴서,전기제품,N
120,001880,대림건설,건설,N
121,001940,KISCO홀딩스,철강,N
122,002020,코오롱,화학,N
123,002025,코오롱우,화학,N
124,002030,아세아,포장재,N
125,002070,비비안,"섬유,의류,신발,호화품",N
126,002100,경농,화학,N
127,002140,고려산업,식품,N
128,002150,도화엔지니어링,건설,N
129,002170,삼양통상,"섬유,의류,신발,호화품",N
130,002200,한국수출포장,포장재,N
131,002210,동성제약,제약,N
132,002220,한일철강,철강,N
133,002240,고려제강,철강,N
134,002270,롯데푸드,식품,N
135,002310,아세아제지,포장재,N
136,002320,한진,항공화물운송과물류,N
137,002350,넥센타이어,자동차부품,N
138,002355,넥센타이어1우B,자동차부품,N
139,002360,SH에너지화학,화학,N
140,002380,KCC,건축자재,N
141,002390,한독,제약,N
142,002410,범양건영,건설,N
143,002420,세기상사,방송과엔터테인먼트,N
144,002450,삼익악기,레저용장비와제품,N
145,002460,화성산업,건설,N
146,002600,조흥,식품,N
147,002620,제일파마홀딩스,제약,N
148,002630,오리엔트바이오,자동차부품,N
149,002690,동일제강,철강,N
150,002700,신일전자,가정용기기와용품,N
151,002710,TCC스틸,철강,N
152,002720,국제약품,제약,N
153,002760,보락,식품,N
154,002780,진흥기업,건설,N
155,002785,진흥기업우B,건설,N
156,002787,진흥기업2우B,건설,N
157,002790,아모레G,화장품,N
158,002795,아모레G우,화장품,N
159,00279K,아모레G3우(전환),화장품,N
160,002810,삼영무역,화학,N
161,002820,선창산업,종이와목재,N
162,002840,미원상사,화학,N
163,002870,신풍제지,포장재,N
164,002880,대유에이텍,자동차부품,N
165,002900,동양물산,기계,N
166,002920,유성기업,자동차부품,N
167,002960,한국쉘석유,석유와가스,N
168,002990,금호산업,건설,N
169,002995,금호산업우,건설,N
170,003000,부광약품,제약,N
171,003010,혜인,기계,N
172,003030,세아제강지주,철강,N
173,003060,에이프로젠제약,제약,N
174,003070,코오롱글로벌,건설,N
175,003075,코오롱글로벌우,건설,N
176,003080,성보화학,화학,N
177,003090,대웅,제약,N
178,003120,일성신약,제약,N
179,003160,디아이,반도체와반도체장비,N
180,003200,일신방직,"섬유,의류,신발,호화품",N
181,003220,대원제약,제약,N
182,003230,삼양식품,식품,N
183,003240,태광산업,화학,N
184,003280,흥아해운,해운사,N
185,003300,한일홀딩스,건축자재,N
186,003350,한국화장품제조,화장품,N
187,003410,쌍용양회,건축자재,N
188,003415,쌍용양회우,건축자재,N
189,003460,유화증권,증권,N
190,003465,유화증권우,증권,N
191,003470,유안타증권,증권,N
192,003475,유안타증권우,증권,N
193,003480,한진중공업홀딩스,가스유틸리티,N
194,003490,대한항공,항공사,N
195,003495,대한항공우,항공사,N
196,003520,영진약품,제약,N
197,003530,한화투자증권,증권,N
198,003535,한화투자증권우,증권,N
199,003540,대신증권,증권,N
200,003545,대신증권우,증권,N
201,003547,대신증권2우B,증권,N
202,003550,LG,복합기업,N
203,003555,LG우,복합기업,N
204,003560,IHQ,방송과엔터테인먼트,N
205,003570,S&T중공업,자동차부품,N
206,003580,넥스트사이언스,건축자재,N
207,003610,방림,"섬유,의류,신발,호화품",N
208,003620,쌍용차,자동차,N
209,003650,미창석유,석유와가스,N
210,003670,포스코케미칼,화학,N
211,003680,한성기업,식품,N
212,003690,코리안리,손해보험,N
213,003720,삼영화학,화학,N
214,003780,진양산업,화학,N
215,003830,대한화섬,화학,N
216,003850,보령제약,제약,N
217,003920,남양유업,식품,N
218,003925,남양유업우,식품,N
219,003960,사조대림,식품,N
220,004000,롯데정밀화학,화학,N
221,004020,현대제철,철강,N
222,004060,SG세계물산,"섬유,의류,신발,호화품",N
223,004080,신흥,건강관리장비와용품,N
224,004090,한국석유,화학,N
225,004100,태양금속,자동차부품,N
226,004105,태양금속우,자동차부품,N
227,004140,동방,항공화물운송과물류,N
228,004150,한솔홀딩스,종이와목재,N
229,004170,신세계,백화점과일반상점,N
230,004250,NPC,화학,N
231,004255,NPC우,화학,N
232,004270,남성,전자장비와기기,N
233,004310,현대약품,제약,N
234,004360,세방,항공화물운송과물류,N
235,004365,세방우,항공화물운송과물류,N
236,004370,농심,식품,N
237,004380,삼익THK,기계,N
238,004410,서울식품,식품,N
239,004415,서울식품우,식품,N
240,004430,송원산업,화학,N
241,004440,대림씨엔에스,,
242,004450,삼화왕관,포장재,N
243,004490,세방전지,자동차부품,N
244,004540,깨끗한나라,종이와목재,N
245,004545,깨끗한나라우,종이와목재,N
246,004560,현대비앤지스틸,비철금속,N
247,004565,현대비앤지스틸우,비철금속,N
248,004690,삼천리,가스유틸리티,N
249,004700,조광피혁,"섬유,의류,신발,호화품",N
250,004710,한솔테크닉스,디스플레이장비및부품,N
251,004720,우리들제약,제약,N
252,004770,써니전자,전자장비와기기,N
253,004800,효성,복합기업,N
254,004830,덕성,"섬유,의류,신발,호화품",N
255,004835,덕성우,"섬유,의류,신발,호화품",N
256,004840,DRB동일,자동차부품,N
257,004870,티웨이홀딩스,항공사,N
258,004890,동일산업,철강,N
259,004910,조광페인트,건축자재,N
260,004920,씨아이테크,컴퓨터와주변기기,N
261,004960,한신공영,건설,N
262,004970,신라교역,식품,N
263,004980,성신양회,건축자재,N
264,004985,성신양회우,건축자재,N
265,004990,롯데지주,식품,N
266,00499K,롯데지주우,식품,N
267,005010,휴스틸,철강,N
268,005030,부산주공,자동차부품,N
269,005070,코스모신소재,화학,N
270,005090,삼광글라스,포장재,N
271,005110,한창,부동산,N
272,005180,빙그레,식품,N
273,005190,동성화학,화학,N
274,005250,녹십자홀딩스,제약,N
275,005257,녹십자홀딩스2우,제약,N
276,005300,롯데칠성,음료,N
277,005305,롯데칠성우,음료,N
278,005320,국동,"섬유,의류,신발,호화품",N
279,005360,모나미,문구류,N
280,005380,현대차,자동차,N
281,005385,현대차우,자동차,N
282,005387,현대차2우B,자동차,N
283,005389,현대차3우B,자동차,N
284,005390,신성통상,"섬유,의류,신발,호화품",N
285,005420,코스모화학,화학,N
286,005430,한국공항,운송인프라,N
287,005440,현대그린푸드,식품과기본식료품소매,N
288,005490,POSCO,철강,N
289,005500,삼진제약,제약,N
290,005610,SPC삼립,식품,N
291,005680,삼영전자,전기제품,N
292,005690,파미셀,화학,N
293,005720,넥센,자동차부품,N
294,005725,넥센우,자동차부품,N
295,005740,크라운해태홀딩스,식품,N
296,005745,크라운해태홀딩스우,식품,N
297,005750,대림B&Co,건축제품,N
298,005800,신영와코루,"섬유,의류,신발,호화품",N
299,005810,풍산홀딩스,비철금속,N
300,005820,원림,포장재,N
301,005830,DB손해보험,손해보험,N
302,005850,에스엘,자동차부품,N
303,005870,휴니드,우주항공과국방,N
304,005880,대한해운,해운사,N
305,005930,삼성전자,반도체와반도체장비,N
306,005935,삼성전자우,반도체와반도체장비,N
307,005940,NH투자증권,증권,N
308,005945,NH투자증권우,증권,N
309,005950,이수화학,화학,N
310,005960,동부건설,건설,N
311,005965,동부건설우,건설,N
312,006040,동원산업,식품,N
313,006060,화승인더,"섬유,의류,신발,호화품",N
314,006090,사조오양,식품,N
315,006110,삼아알미늄,비철금속,N
316,006120,SK디스커버리,석유와가스,N
317,006125,SK디스커버리우,석유와가스,N
318,006200,한국전자홀딩스,반도체와반도체장비,N
319,006220,제주은행,은행,N
320,006260,LS,전기장비,N
321,006280,녹십자,제약,N
322,006340,대원전선,전기장비,N
323,006345,대원전선우,전기장비,N
324,006360,GS건설,건설,N
325,006370,대구백화점,백화점과일반상점,N
326,006380,카프로,화학,N
327,006390,한일현대시멘트,건축자재,N
328,006400,삼성SDI,전기제품,N
329,006405,삼성SDI우,전기제품,N
330,006490,인스코비,다각화된통신서비스,N
331,006570,대림통상,건축제품,N
332,006650,대한유화,화학,N
333,006660,삼성공조,자동차부품,N
334,006740,영풍제지,종이와목재,N
335,006800,미래에셋대우,증권,N
336,006805,미래에셋대우우,증권,N
337,00680K,미래에셋대우2우B,증권,N
338,006840,AK홀딩스,화학,N
339,006880,신송홀딩스,식품과기본식료품소매,N
340,006890,태경케미컬,화학,N
341,006980,우성사료,식품,N
342,007070,GS리테일,백화점과일반상점,N
343,007110,일신석재,건축자재,N
344,007120,미래아이앤지,IT서비스,N
345,007160,사조산업,식품,N
346,007210,벽산,건축자재,N
347,007280,한국특수형강,철강,N
348,007310,오뚜기,식품,N
349,007340,디티알오토모티브,자동차부품,N
350,007460,에이프로젠 KIC,기계,N
351,007540,샘표,식품,N
352,007570,일양약품,제약,N
353,007575,일양약품우,제약,N
354,007590,동방아그로,화학,N
355,007610,선도전기,전기장비,N
356,007630,폴루스바이오팜,화장품,N
357,007660,이수페타시스,전자장비와기기,N
358,007690,국도화학,화학,N
359,007700,F&F,"섬유,의류,신발,호화품",N
360,007810,코리아써키트,전자장비와기기,N
361,007815,코리아써우,전자장비와기기,N
362,00781K,코리아써키트2우B,전자장비와기기,N
363,007860,서연,자동차부품,N
364,007980,태평양물산,"섬유,의류,신발,호화품",N
365,008040,사조동아원,식품,N
366,008060,대덕,전자장비와기기,N
367,00806K,대덕1우,전자장비와기기,N
368,008110,대동전자,전자장비와기기,N
369,008250,이건산업,건축자재,N
370,008260,NI스틸,철강,N
371,008350,남선알미늄,건축제품,N
372,008355,남선알미우,건축제품,N
373,008420,문배철강,철강,N
374,008490,서흥,생명과학도구및서비스,N
375,008500,일정실업,자동차부품,N
376,008560,메리츠증권,증권,N
377,008600,윌비스,"섬유,의류,신발,호화품",N
378,008700,아남전자,전자제품,N
379,008730,율촌화학,포장재,N
380,008770,호텔신라,"호텔,레스토랑,레저",N
381,008775,호텔신라우,"호텔,레스토랑,레저",N
382,008870,금비,포장재,N
383,008930,한미사이언스,제약,N
384,008970,동양철관,철강,N
385,009070,KCTC,항공화물운송과물류,N
386,009140,경인전자,전자제품,N
387,009150,삼성전기,전자장비와기기,N
388,009155,삼성전기우,전자장비와기기,N
389,009160,SIMPAC,기계,N
390,009180,한솔로지스틱스,항공화물운송과물류,N
391,009190,대양금속,비철금속,N
392,009200,무림페이퍼,종이와목재,N
393,009240,한샘,가구,N
394,009270,신원,"섬유,의류,신발,호화품",N
395,009275,신원우,"섬유,의류,신발,호화품",N
396,009290,광동제약,제약,N
397,009310,참엔지니어링,디스플레이장비및부품,N
398,009320,대우부품,자동차부품,N
399,009410,태영건설,건설,N
400,009415,태영건설우,건설,N
401,009420,한올바이오파마,제약,N
402,009440,KC그린홀딩스,기계,N
403,009450,경동나비엔,가정용기기와용품,N
404,009460,한창제지,포장재,N
405,009470,삼화전기,전기제품,N
406,009540,한국조선해양,조선,N
407,009580,무림P&P,종이와목재,N
408,009680,모토닉,자동차부품,N
409,009770,삼정펄프,가정용품,N
410,009810,엔케이물산,방송과엔터테인먼트,N
411,009830,한화솔루션,화학,N
412,009835,한화솔루션우,화학,N
413,009970,영원무역홀딩스,"섬유,의류,신발,호화품",N
414,010040,한국내화,비철금속,N
415,010050,우리종금,기타금융,N
416,010060,OCI,화학,N
417,010100,한국프랜지,자동차부품,N
418,010120,LS ELECTRIC,전기장비,N
419,010130,고려아연,비철금속,N
420,010140,삼성중공업,조선,N
421,010145,삼성중공우,조선,N
422,010400,우진아이엔에스,건설,N
423,010420,한솔PNS,종이와목재,N
424,010580,지코,자동차부품,N
425,010600,웰바이오텍,"섬유,의류,신발,호화품",N
426,010620,현대미포조선,조선,N
427,010640,진양폴리,화학,N
428,010660,화천기계,기계,N
429,010690,화신,자동차부품,N
430,010770,평화홀딩스,자동차부품,N
431,010780,아이에스동서,건설,N
432,010820,퍼스텍,우주항공과국방,N
433,010950,S-Oil,석유와가스,N
434,010955,S-Oil우,석유와가스,N
435,010960,삼호개발,건설,N
436,011000,진원생명과학,생물공학,N
437,011070,LG이노텍,전자장비와기기,N
438,011090,에넥스,가구,N
439,011150,CJ씨푸드,식품,N
440,011155,CJ씨푸드1우,식품,N
441,011170,롯데케미칼,화학,N
442,011200,HMM,해운사,N
443,011210,현대위아,자동차부품,N
444,011230,삼화전자,전자장비와기기,N
445,011280,태림포장,포장재,N
446,011300,성안,"섬유,의류,신발,호화품",N
447,011330,유니켐,"섬유,의류,신발,호화품",N
448,011390,부산산업,건축자재,N
449,011420,갤럭시아에스엠,방송과엔터테인먼트,N
450,011500,한농화성,화학,N
451,011690,유양디앤유,디스플레이장비및부품,N
452,011700,한신기계,기계,N
453,011760,현대상사,무역회사와판매업체,N
454,011780,금호석유,화학,N
455,011785,금호석유우,화학,N
456,011790,SKC,화학,N
457,011810,STX,무역회사와판매업체,N
458,011930,신성이엔지,반도체와반도체장비,N
459,012030,DB,IT서비스,N
460,012160,영흥,철강,N
461,012170,키위미디어그룹,방송과엔터테인먼트,N
462,012200,계양전기,자동차부품,N
463,012205,계양전기우,자동차부품,N
464,012280,영화금속,자동차부품,N
465,012320,경동인베스트,석유와가스,N
466,012330,현대모비스,자동차부품,N
467,012450,한화에어로스페이스,우주항공과국방,N
468,012510,더존비즈온,소프트웨어,N
469,012600,청호컴넷,컴퓨터와주변기기,N
470,012610,경인양행,화학,N
471,012630,HDC,건설,N
472,012690,모나리자,가정용품,N
473,012750,에스원,상업서비스와공급품,N
474,012800,대창,비철금속,N
475,013000,세우글로벌,판매업체,N
476,013360,일성건설,건설,N
477,013520,화승알앤에이,자동차부품,N
478,013570,디와이,기계,N
479,013580,계룡건설,건설,N
480,013700,까뮤이앤씨,건설,N
481,013870,지엠비코리아,자동차부품,N
482,013890,지누스,가구,N
483,014130,한익스프레스,항공화물운송과물류,N
484,014160,대영포장,포장재,N
485,014280,금강공업,건축제품,N
486,014285,금강공업우,건축제품,N
487,014440,영보화학,화학,N
488,014530,극동유화,석유와가스,N
489,014580,태경비케이,비철금속,N
490,014680,한솔케미칼,화학,N
491,014710,사조씨푸드,식품,N
492,014790,한라,건설,N
493,014820,동원시스템즈,포장재,N
494,014825,동원시스템즈우,포장재,N
495,014830,유니드,화학,N
496,014910,성문전자,전기제품,N
497,014915,성문전자우,전기제품,N
498,014990,인디에프,"섬유,의류,신발,호화품",N
499,015020,이스타코,방송과엔터테인먼트,N
500,015230,대창단조,기계,N
501,015260,에이엔피,전자장비와기기,N
502,015350,부산가스,가스유틸리티,N
503,015360,예스코홀딩스,가스유틸리티,N
504,015540,쎌마테라퓨틱스,판매업체,N
505,015590,큐로,기계,N
506,015760,한국전력,전기유틸리티,N
507,015860,일진홀딩스,전기장비,N
508,015890,태경산업,비철금속,N
509,016090,대현,"섬유,의류,신발,호화품",N
510,016360,삼성증권,증권,N
511,016380,KG동부제철,철강,N
512,016385,KG동부제철우,철강,N
513,016450,한세예스24홀딩스,"섬유,의류,신발,호화품",N
514,016580,환인제약,제약,N
515,016590,신대양제지,포장재,N
516,016610,DB금융투자,증권,N
517,016710,대성홀딩스,가스유틸리티,N
518,016740,두올,자동차부품,N
519,016800,퍼시스,가구,N
520,016880,웅진,복합기업,N
521,017040,광명전기,전기장비,N
522,017180,명문제약,제약,N
523,017370,우신시스템,자동차부품,N
524,017390,서울가스,가스유틸리티,N
525,017550,수산중공업,기계,N
526,017670,SK텔레콤,무선통신서비스,N
527,017800,현대엘리베이,기계,N
528,017810,풀무원,식품,N
529,017900,광전자,전자장비와기기,N
530,017940,E1,가스유틸리티,N
531,017960,한국카본,조선,N
532,018250,애경산업,화장품,N
533,018260,삼성에스디에스,IT서비스,N
534,018470,조일알미늄,비철금속,N
535,018500,동원금속,자동차부품,N
536,018670,SK가스,가스유틸리티,N
537,018880,한온시스템,자동차부품,N
538,019170,신풍제약,제약,N
539,019175,신풍제약우,제약,N
540,019180,티에이치엔,자동차부품,N
541,019440,세아특수강,철강,N
542,019490,하이트론,통신장비,N
543,019680,대교,교육서비스,N
544,019685,대교우B,교육서비스,N
545,020000,한섬,"섬유,의류,신발,호화품",N
546,020120,키다리스튜디오,양방향미디어와서비스,N
547,020150,일진머티리얼즈,전자장비와기기,N
548,020560,아시아나항공,항공사,N
549,020760,일진디스플,디스플레이패널,N
550,021050,서원,비철금속,N
551,021240,코웨이,가정용기기와용품,N
552,021820,세원정공,자동차부품,N
553,023000,삼원강재,자동차부품,N
554,023150,MH에탄올,음료,N
555,023350,한국종합기술,건설,N
556,023450,동남합성,화학,N
557,023530,롯데쇼핑,백화점과일반상점,N
558,023590,다우기술,IT서비스,N
559,023800,인지컨트롤스,자동차부품,N
560,023810,인팩,자동차부품,N
561,023960,에쓰씨엔지니어링,건설,N
562,024070,WISCOM,화학,N
563,024090,디씨엠,비철금속,N
564,024110,기업은행,은행,N
565,024720,한국콜마홀딩스,화장품,N
566,024890,대원화성,"섬유,의류,신발,호화품",N
567,024900,덕양산업,자동차부품,N
568,025000,KPX케미칼,화학,N
569,025530,SJM홀딩스,자동차부품,N
570,025540,한국단자,자동차부품,N
571,025560,미래산업,반도체와반도체장비,N
572,025620,제이준코스메틱,화장품,N
573,025750,한솔홈데코,건축자재,N
574,025820,이구산업,비철금속,N
575,025860,남해화학,화학,N
576,025890,한국주강,철강,N
577,026890,디피씨,전기제품,N
578,026940,부국철강,철강,N
579,026960,동서,식품,N
580,027410,BGF,백화점과일반상점,N
581,027740,마니커,식품,N
582,027970,세하,포장재,N
583,028050,삼성엔지니어링,건설,N
584,028100,동아지질,건설,N
585,028260,삼성물산,복합기업,N
586,02826K,삼성물산우B,복합기업,N
587,028670,팬오션,해운사,N
588,029460,케이씨,반도체와반도체장비,N
589,029530,신도리코,사무용전자제품,N
590,029780,삼성카드,카드,N
591,030000,제일기획,광고,N
592,030200,KT,다각화된통신서비스,N
593,030210,KTB투자증권,증권,N
594,030610,교보증권,증권,N
595,030720,동원수산,식품,N
596,030790,비케이탑스,IT서비스,N
597,031430,신세계인터내셔날,"섬유,의류,신발,호화품",N
598,031440,신세계푸드,"호텔,레스토랑,레저",N
599,031820,콤텍시스템,IT서비스,N
600,032350,롯데관광개발,"호텔,레스토랑,레저",N
601,032560,황금에스티,비철금속,N
602,032640,LG유플러스,무선통신서비스,N
603,032830,삼성생명,생명보험,N
604,033180,필룩스,전기제품,N
605,033240,자화전자,전자장비와기기,N
606,033250,체시스,자동차부품,N
607,033270,유나이티드제약,제약,N
608,033530,세종공업,자동차부품,N
609,033660,아주캐피탈,기타금융,N
610,033780,KT&G,담배,N
611,033920,무학,음료,N
612,034020,두산중공업,기계,N
613,034120,SBS,방송과엔터테인먼트,N
614,034220,LG디스플레이,디스플레이패널,N
615,034300,신세계건설,건설,N
616,034310,NICE,상업서비스와공급품,N
617,034590,인천도시가스,가스유틸리티,N
618,034730,SK,복합기업,N
619,03473K,SK우,복합기업,N
620,034830,한국토지신탁,부동산,N
621,035000,지투알,광고,N
622,035150,백산,"섬유,의류,신발,호화품",N
623,035250,강원랜드,"호텔,레스토랑,레저",N
624,035420,NAVER,양방향미디어와서비스,N
625,035510,신세계 I&C,IT서비스,N
626,035720,카카오,양방향미디어와서비스,N
627,036420,제이콘텐트리,방송과엔터테인먼트,N
628,036460,한국가스공사,가스유틸리티,N
629,036530,S&T홀딩스,자동차부품,N
630,036570,엔씨소프트,게임엔터테인먼트,N
631,036580,팜스코,식품,N
632,037270,YG PLUS,방송과엔터테인먼트,N
633,037560,LG헬로비전,방송과엔터테인먼트,N
634,037710,광주신세계,백화점과일반상점,N
635,039130,하나투어,"호텔,레스토랑,레저",N
636,039490,키움증권,증권,N
637,039570,HDC아이콘트롤스,건설,N
638,041650,상신브레이크,자동차부품,N
639,042660,대우조선해양,조선,N
640,042670,두산인프라코어,기계,N
641,042700,한미반도체,반도체와반도체장비,N
642,044380,주연테크,컴퓨터와주변기기,N
643,044450,KSS해운,해운사,N
644,044820,코스맥스비티아이,제약,N
645,047040,대우건설,건설,N
646,047050,포스코인터내셔널,무역회사와판매업체,N
647,047400,유니온머티리얼,자동차부품,N
648,047810,한국항공우주,우주항공과국방,N
649,049770,동원F&B,식품,N
650,049800,우진플라임,기계,N
651,051600,한전KPS,전기유틸리티,N
652,051630,진양화학,화학,N
653,051900,LG생활건강,화장품,N
654,051905,LG생활건강우,화장품,N
655,051910,LG화학,화학,N
656,051915,LG화학우,화학,N
657,052690,한전기술,전기유틸리티,N
658,053210,스카이라이프,방송과엔터테인먼트,N
659,053690,한미글로벌,건설,N
660,055490,테이팩스,화학,N
661,055550,신한지주,은행,N
662,057050,현대홈쇼핑,인터넷과카탈로그소매,N
663,058430,포스코강판,비철금속,N
664,058650,세아홀딩스,철강,N
665,058730,다스코,건축제품,N
666,058850,KTcs,상업서비스와공급품,N
667,058860,KTis,상업서비스와공급품,N
668,060980,한라홀딩스,자동차부품,N
669,063160,종근당바이오,제약,N
670,064350,현대로템,기계,N
671,064960,S&T모티브,자동차부품,N
672,066570,LG전자,전자제품,N
673,066575,LG전자우,전자제품,N
674,067830,세이브존I&C,백화점과일반상점,N
675,068270,셀트리온,제약,N
676,068290,삼성출판사,문구류,N
677,068400,SK렌터카,도로와철도운송,N
678,069260,휴켐스,화학,N
679,069460,대호에이엘,비철금속,N
680,069500,KODEX 200,기타,N
681,069620,대웅제약,제약,N
682,069640,한세엠케이,"섬유,의류,신발,호화품",N
683,069660,KOSEF 200,기타,N
684,069730,DSR제강,철강,N
685,069960,현대백화점,백화점과일반상점,N
686,070960,용평리조트,"호텔,레스토랑,레저",N
687,071050,한국금융지주,증권,N
688,071055,한국금융지주우,증권,N
689,071090,하이스틸,철강,N
690,071320,지역난방공사,복합유틸리티,N
691,071840,롯데하이마트,전문소매,N
692,071950,코아스,가구,N
693,071970,STX중공업,조선,N
694,072130,유엔젤,IT서비스,N
695,072710,농심홀딩스,식품,N
696,073240,금호타이어,자동차부품,N
697,074610,이엔플러스,기계,N
698,075180,새론오토모티브,자동차부품,N
699,075580,세진중공업,조선,N
700,077500,유니퀘스트,반도체와반도체장비,N
701,077970,STX엔진,조선,N
702,078000,텔코웨어,소프트웨어,N
703,078520,에이블씨엔씨,화장품,N
704,078930,GS,석유와가스,N
705,078935,GS우,석유와가스,N
706,079160,CJ CGV,방송과엔터테인먼트,N
707,079430,현대리바트,가구,N
708,079550,LIG넥스원,우주항공과국방,N
709,079980,휴비스,"섬유,의류,신발,호화품",N
710,081000,일진다이아,비철금속,N
711,081660,휠라홀딩스,"섬유,의류,신발,호화품",N
712,082640,동양생명,생명보험,N
713,082740,HSD엔진,조선,N
714,083420,그린케미칼,화학,N
715,084010,대한제강,철강,N
716,084670,동양고속,도로와철도운송,N
717,084680,이월드,"호텔,레스토랑,레저",N
718,084690,대상홀딩스,식품,N
719,084695,대상홀딩스우,식품,N
720,084870,TBH글로벌,"섬유,의류,신발,호화품",N
721,085310,엔케이,기계,N
722,085620,미래에셋생명,생명보험,N
723,086280,현대글로비스,항공화물운송과물류,N
724,086790,하나금융지주,은행,N
725,088260,이리츠코크렙,부동산,N
726,088350,한화생명,생명보험,N
727,088790,진도,"섬유,의류,신발,호화품",N
728,088980,맥쿼리인프라,운송인프라,N
729,089470,HDC현대EP,자동차부품,N
730,089590,제주항공,항공사,N
731,090080,평화산업,자동차부품,N
732,090350,노루페인트,건축자재,N
733,090355,노루페인트우,건축자재,N
734,090370,메타랩스,"섬유,의류,신발,호화품",N
735,090430,아모레퍼시픽,화장품,N
736,090435,아모레퍼시픽우,화장품,N
737,091090,세원셀론텍,석유와가스,N
738,091160,KODEX 반도체,기타,N
739,091170,KODEX 은행,기타,N
740,091180,KODEX 자동차,기타,N
741,091220,TIGER 은행,기타,N
742,091230,TIGER 반도체,기타,N
743,091810,티웨이항공,항공사,N
744,092200,디아이씨,자동차부품,N
745,092220,KEC,반도체와반도체장비,N
746,092230,KPX홀딩스,화학,N
747,092440,기신정기,기계,N
748,092780,동양피스톤,자동차부품,N
749,093050,LF,"섬유,의류,신발,호화품",N
750,093230,이아이디,석유와가스,N
751,093240,형지엘리트,"섬유,의류,신발,호화품",N
752,093370,후성,화학,N
753,094280,효성ITX,상업서비스와공급품,N
754,094800,맵스리얼티1,기타,N
755,095570,AJ네트웍스,도로와철도운송,N
756,095720,웅진씽크빅,교육서비스,N
757,096300,베트남개발1,기타,N
758,096760,JW홀딩스,제약,N
759,096770,SK이노베이션,석유와가스,N
760,096775,SK이노베이션우,석유와가스,N
761,097230,한진중공업,조선,N
762,097950,CJ제일제당,식품,N
763,097955,CJ제일제당 우,식품,N
764,098560,TIGER 방송통신,기타,N
765,099140,KODEX China H,기타,N
766,100220,비상교육,교육서비스,N
767,100250,진양홀딩스,화학,N
768,100840,S&TC,기계,N
769,100910,KOSEF KRX100,기타,N
770,101060,SBS미디어홀딩스,방송과엔터테인먼트,N
771,101140,비티원,"섬유,의류,신발,호화품",N
772,101280,KODEX 일본TOPIX100,기타,N
773,101530,해태제과식품,식품,N
774,102110,TIGER 200,기타,N
775,102260,동성코퍼레이션,화학,N
776,102280,쌍방울,"섬유,의류,신발,호화품",N
777,102460,이연제약,제약,N
778,102780,KODEX 삼성그룹,기타,N
779,102960,KODEX 기계장비,기타,N
780,102970,KODEX 증권,기타,N
781,103140,풍산,비철금속,N
782,103590,일진전기,전기장비,N
783,104520,KOSEF 블루칩,기타,N
784,104530,KOSEF 고배당,기타,N
785,104700,한국철강,철강,N
786,105010,TIGER 라틴35,기타,N
787,105190,KINDEX 200,기타,N
788,105560,KB금융,은행,N
789,105630,한세실업,"섬유,의류,신발,호화품",N
790,105780,KBSTAR 5대그룹주,기타,N
791,105840,우진,기계,N
792,107590,미원홀딩스,화학,N
793,108450,KINDEX 삼성그룹섹터가중,기타,N
794,108590,TREX 200,기타,N
795,108670,LG하우시스,건축자재,N
796,108675,LG하우시스우,건축자재,N
797,109070,컨버즈,종이와목재,N
798,111110,호전실업,"섬유,의류,신발,호화품",N
799,111770,영원무역,"섬유,의류,신발,호화품",N
800,112610,씨에스윈드,기계,N
801,114090,GKL,"호텔,레스토랑,레저",N
802,114100,KBSTAR 국고채3년,기타,N
803,114260,KODEX 국고채3년,기타,N
804,114460,KINDEX 중기국고채,기타,N
805,114470,KOSEF 국고채3년,기타,N
806,114800,KODEX 인버스,기타,N
807,114820,TIGER 국채3년,기타,N
808,115390,락앤락,포장재,N
809,117460,KODEX 에너지화학,기타,N
810,117580,대성에너지,가스유틸리티,N
811,117680,KODEX 철강,기타,N
812,117690,TIGER 차이나항셍25,기타,N
813,117700,KODEX 건설,기타,N
814,118000,우리들휴브레인,IT서비스,N
815,119650,KC코트렐,기계,N
816,120030,조선선재,철강,N
817,120110,코오롱인더,화학,N
818,120115,코오롱인더우,화학,N
819,122090,ARIRANG 코스피50,기타,N
820,122260,KOSEF 통안채1년,기타,N
821,122630,KODEX 레버리지,기타,N
822,122900,아이마켓코리아,상업서비스와공급품,N
823,123310,TIGER 인버스,기타,N
824,123320,TIGER 레버리지,기타,N
825,123690,한국화장품,화장품,N
826,123700,SJM,자동차부품,N
827,123890,한국자산신탁,부동산,N
828,126560,현대에이치씨엔,방송과엔터테인먼트,N
829,128820,대성산업,석유와가스,N
830,128940,한미약품,제약,N
831,129260,인터지스,항공화물운송과물류,N
832,130660,한전산업,전기유틸리티,N
833,130680,TIGER 원유선물Enhanced(H),기타,N
834,130730,KOSEF 단기자금,기타,N
835,131890,KINDEX 삼성그룹동일가중,기타,N
836,132030,KODEX 골드선물(H),기타,N
837,133690,TIGER 미국나스닥100,기타,N
838,133820,화인베스틸,철강,N
839,134380,미원화학,화학,N
840,134790,시디즈,가구,N
841,136340,KBSTAR 중기우량회사채,기타,N
842,136490,선진,식품,N
843,137610,TIGER 농산물선물Enhanced(H),기타,N
844,137930,마이다스 200커버드콜5%OTM,기타,N
845,138040,메리츠금융지주,손해보험,N
846,138230,KOSEF 미국달러선물,기타,N
847,138250,엔에스쇼핑,인터넷과카탈로그소매,N
848,138490,코오롱플라스틱,화학,N
849,138520,TIGER 삼성그룹펀더멘털,기타,N
850,138530,TIGER LG그룹+펀더멘털,기타,N
851,138540,TIGER 현대차그룹+펀더멘털,기타,N
852,138910,KODEX 구리선물(H),기타,N
853,138920,KODEX 콩선물(H),기타,N
854,138930,BNK금융지주,은행,N
855,139130,DGB금융지주,은행,N
856,139220,TIGER 200 건설,기타,N
857,139230,TIGER 200 중공업,기타,N
858,139240,TIGER 200 철강소재,기타,N
859,139250,TIGER 200 에너지화학,기타,N
860,139260,TIGER 200 IT,기타,N
861,139270,TIGER 200 금융,기타,N
862,139280,TIGER 경기방어,기타,N
863,139290,TIGER 200 경기소비재,기타,N
864,139310,TIGER 금속선물(H),기타,N
865,139320,TIGER 금은선물(H),기타,N
866,139480,이마트,백화점과일반상점,N
867,139660,KOSEF 미국달러선물인버스,기타,N
868,140570,KBSTAR 수출주,기타,N
869,140580,KBSTAR 우량업종,기타,N
870,140700,KODEX 보험,기타,N
871,140710,KODEX 운송,기타,N
872,140910,에이리츠,부동산,N
873,140950,파워 코스피100,기타,N
874,143210,핸즈코퍼레이션,자동차부품,N
875,143460,KINDEX 밸류대형,기타,N
876,143850,TIGER 미국S&P500선물(H),기타,N
877,143860,TIGER 헬스케어,기타,N
878,144600,KODEX 은선물(H),기타,N
879,144620,코오롱머티리얼,"섬유,의류,신발,호화품",N
880,145210,세화아이엠씨,자동차부품,N
881,145270,케이탑리츠,부동산,N
882,145670,KINDEX 인버스,기타,N
883,145720,덴티움,건강관리장비와용품,N
884,145850,TREX 펀더멘탈 200,기타,N
885,145990,삼양사,식품,N
886,145995,삼양사우,식품,N
887,147970,TIGER 모멘텀,기타,N
888,148020,KBSTAR 200,기타,N
889,148070,KOSEF 국고채10년,기타,N
890,150460,TIGER 중국소비테마,기타,N
891,152100,ARIRANG 200,기타,N
892,152280,KOSEF 200 선물,기타,N
893,152330,코리아오토글라스,자동차부품,N
894,152380,KODEX 국채선물10년,기타,N
895,152500,KINDEX 레버리지,기타,N
896,152550,한국ANKOR유전,기타,N
897,152870,파워 200,기타,N
898,153130,KODEX 단기채권,기타,N
899,153270,KOSEF 코스피100,기타,N
900,153360,하이골드3호,해운사,N
901,155660,DSR,비철금속,N
902,155900,바다로19호,해운사,N
903,156080,KODEX MSCI Korea,기타,N
904,157450,TIGER 단기통안채,기타,N
905,157490,TIGER 소프트웨어,기타,N
906,157500,TIGER 증권,기타,N
907,159800,마이티 코스피100,기타,N
908,160580,TIGER 구리실물,기타,N
909,161000,애경유화,화학,N
910,161390,한국타이어앤테크놀로지,자동차부품,N
911,161510,ARIRANG 고배당주,기타,N
912,161890,한국콜마,화장품,N
913,163560,동일고무벨트,자동차부품,N
914,166400,TIGER 200커버드콜5%OTM,기타,N
915,167860,KOSEF 국고채10년레버리지,기타,N
916,168300,KTOP 코스피50,기타,N
917,168490,한국패러랠,기타,N
918,168580,KINDEX 중국본토CSI300,기타,N
919,169950,KODEX 중국본토 A50,기타,N
920,170350,TIGER 베타플러스,기타,N
921,170900,동아에스티,제약,N
922,172580,하이골드12호,해운사,N
923,174350,TIGER 로우볼,기타,N
924,174360,KBSTAR 중국본토대형주CSI100,기타,N
925,175330,JB금융지주,은행,N
926,176710,파워 중기국고채,기타,N
927,176950,KODEX 국채선물10년인버스,기타,N
928,180640,한진칼,항공사,N
929,18064K,한진칼우,항공사,N
930,181480,KINDEX 미국다우존스리츠(합성 H),기타,N
931,181710,NHN,게임엔터테인먼트,N
932,182480,TIGER 미국MSCI리츠(합성 H),기타,N
933,182490,TIGER 단기선진하이일드(합성 H),기타,N
934,183190,아세아시멘트,건축자재,N
935,183700,KBSTAR 채권혼합,기타,N
936,183710,KBSTAR 주식혼합,기타,N
937,185680,KODEX 미국S&P바이오(합성),기타,N
938,185750,종근당,제약,N
939,189400,ARIRANG 글로벌MSCI(합성 H),기타,N
940,190160,ARIRANG 단기유동성,,
941,190620,KINDEX 단기통안채,기타,N
942,192080,더블유게임즈,게임엔터테인먼트,N
943,192090,TIGER 차이나CSI300,기타,N
944,192400,쿠쿠홀딩스,가정용기기와용품,N
945,192650,드림텍,핸드셋,N
946,192720,파워 고배당저변동성,기타,N
947,192820,코스맥스,화장품,N
948,194370,제이에스코퍼레이션,"섬유,의류,신발,호화품",N
949,195870,해성디에스,반도체와반도체장비,N
950,195920,TIGER 일본TOPIX(합성 H),기타,N
951,195930,TIGER 유로스탁스50(합성 H),기타,N
952,195970,ARIRANG 선진국MSCI(합성 H),기타,N
953,195980,ARIRANG 신흥국MSCI(합성 H),기타,N
954,196030,KINDEX 일본TOPIX레버리지(H),기타,N
955,196230,KBSTAR 단기통안채,기타,N
956,200030,KODEX 미국S&P산업재(합성),기타,N
957,200250,KOSEF 인도Nifty50(합성),기타,N
958,200880,서연이화,자동차부품,N
959,203780,TIGER 미국나스닥바이오,기타,N
960,204210,모두투어리츠,부동산,N
961,204320,만도,자동차부품,N
962,204450,KODEX China H 레버리지(H),기타,N
963,204480,TIGER 차이나CSI300레버리지(합성),기타,N
964,205720,KINDEX 일본TOPIX인버스(합성 H),기타,N
965,207940,삼성바이오로직스,제약,N
966,208470,SMART 선진국MSCI World(합성 H),기타,N
967,210540,디와이파워,기계,N
968,210780,TIGER 코스피고배당,기타,N
969,210980,SK디앤디,부동산,N
970,211260,KINDEX 배당성장,기타,N
971,211560,TIGER 배당성장,기타,N
972,211900,KODEX 배당성장,기타,N
973,213500,한솔제지,종이와목재,N
974,213610,KODEX 삼성그룹밸류,기타,N
975,213630,ARIRANG 미국다우존스고배당주(합성 H),기타,N
976,214320,이노션,광고,N
977,214330,금호에이치티,자동차부품,N
978,214390,경보제약,제약,N
979,214420,토니모리,화장품,N
980,214980,KODEX 단기채권PLUS,기타,N
981,215620,흥국 S&P코리아로우볼,기타,N
982,217770,TIGER 원유선물인버스(H),기타,N
983,217780,TIGER 차이나CSI300인버스(합성),기타,N
984,217790,TIGER 가격조정,기타,N
985,218420,KODEX 미국S&P에너지(합성),기타,N
986,219390,KBSTAR 미국S&P원유생산기업(합성 H),기타,N
987,219480,KODEX 미국S&P500선물(H),기타,N
988,219900,KINDEX 중국본토CSI300레버리지(합성),기타,N
989,220130,SMART 중국본토 중소형 CSI500(합성 H),기타,N
990,223190,KODEX 200가치저변동,기타,N
991,225030,TIGER 미국S&P500선물인버스(H),기타,N
992,225040,TIGER 미국S&P500레버리지(합성 H),기타,N
993,225050,TIGER 유로스탁스레버리지(합성 H),기타,N
994,225060,TIGER 이머징마켓MSCI레버리지(합성 H),기타,N
995,225130,KINDEX 골드선물 레버리지(합성 H),기타,N
996,225800,KOSEF 미국달러선물레버리지,기타,N
997,226320,잇츠한불,화장품,N
998,226380,KINDEX 한류,기타,N
999,226490,KODEX 코스피,기타,N
1000,226980,KODEX 200 중소형,기타,N
1001,227540,TIGER 200 헬스케어,기타,N
1002,227550,TIGER 200 산업재,기타,N
1003,227560,TIGER 200 생활소비재,기타,N
1004,227570,TIGER 우량가치,기타,N
1005,227830,ARIRANG 코스피,기타,N
1006,227840,현대코퍼레이션홀딩스,식품과기본식료품소매,N
1007,228790,TIGER 화장품,기타,N
1008,228800,TIGER 여행레저,기타,N
1009,228810,TIGER 미디어컨텐츠,기타,N
1010,228820,TIGER KTOP30,기타,N
1011,229200,KODEX 코스닥 150,기타,N
1012,229640,LS전선아시아,전기장비,N
1013,229720,KODEX KTOP30,기타,N
1014,230480,KOSEF 미국달러선물인버스2X,기타,N
1015,232080,TIGER 코스닥150,기타,N
1016,233160,TIGER 코스닥150 레버리지,기타,N
1017,233740,KODEX 코스닥150 레버리지,기타,N
1018,234080,JW생명과학,제약,N
1019,234310,KBSTAR V&S셀렉트밸류,기타,N
1020,236350,TIGER 인도니프티50레버리지(합성),기타,N
1021,237350,KODEX 코스피100,기타,N
1022,237370,KODEX 배당성장채권혼합,기타,N
1023,237440,TIGER 경기방어채권혼합,기타,N
1024,238670,ARIRANG 스마트베타Quality채권혼합,기타,N
1025,238720,KINDEX 일본Nikkei225(H),기타,N
1026,239660,ARIRANG 우량회사채50 1년,기타,N
1027,241180,TIGER 일본니케이225,기타,N
1028,241390,KBSTAR V&S셀렉트밸류채권혼합,기타,N
1029,241560,두산밥캣,기계,N
1030,241590,화승엔터프라이즈,"섬유,의류,신발,호화품",N
1031,243880,TIGER 200IT레버리지,기타,N
1032,243890,TIGER 200에너지화학레버리지,기타,N
1033,244580,KODEX 바이오,기타,N
1034,244620,KODEX 모멘텀Plus,기타,N
1035,244660,KODEX 퀄리티Plus,기타,N
1036,244670,KODEX 밸류Plus,기타,N
1037,245340,TIGER 미국다우존스30,기타,N
1038,245350,TIGER 유로스탁스배당30,기타,N
1039,245360,TIGER 차이나HSCEI,기타,N
1040,245710,KINDEX 베트남VN30(합성),기타,N
1041,247780,KODEX 가치투자,기타,N
1042,247790,KODEX 성장투자,기타,N
1043,247800,KODEX 턴어라운드투자,기타,N
1044,248170,샘표식품,식품,N
1045,248260,TIGER 일본TOPIX헬스케어(합성),기타,N
1046,248270,TIGER S&P글로벌헬스케어(합성),기타,N
1047,249420,일동제약,제약,N
1048,250730,KBSTAR 차이나HSCEI(H),기타,N
1049,250780,TIGER 코스닥150선물인버스,기타,N
1050,251270,넷마블,게임엔터테인먼트,N
1051,251340,KODEX 코스닥150선물인버스,기타,N
1052,251350,KODEX 선진국MSCI World,기타,N
1053,251590,ARIRANG 고배당저변동50,기타,N
1054,251600,ARIRANG 고배당주채권혼합,기타,N
1055,251890,KINDEX 코스닥(합성),기타,N
1056,252000,TIGER 200동일가중,기타,N
1057,252400,KBSTAR 200선물레버리지,기타,N
1058,252410,KBSTAR 200선물인버스,기타,N
1059,252420,KBSTAR 200선물인버스2X,기타,N
1060,252650,KODEX 200동일가중,기타,N
1061,252670,KODEX 200선물인버스2X,기타,N
1062,252710,TIGER 200선물인버스2X,기타,N
1063,252720,KBSTAR 모멘텀밸류,기타,N
1064,252730,KBSTAR 모멘텀로우볼,기타,N
1065,253150,ARIRANG 200선물레버리지,기타,N
1066,253160,ARIRANG 200선물인버스2X,기타,N
1067,253230,KOSEF 200선물인버스2X,기타,N
1068,253240,KOSEF 200선물인버스,기타,N
1069,253250,KOSEF 200선물레버리지,기타,N
1070,253280,KBSTAR 헬스케어,기타,N
1071,253290,KBSTAR 헬스케어채권혼합,기타,N
1072,256440,KINDEX 인도네시아MSCI(합성),기타,N
1073,256450,ARIRANG 심천차이넥스트(합성),기타,N
1074,256750,KODEX 심천ChiNext(합성),기타,N
1075,260200,KOSEF 배당바이백Plus,기타,N
1076,260270,KOSEF 저PBR가중,기타,N
1077,261060,TIGER 코스닥150IT,기타,N
1078,261070,TIGER 코스닥150바이오테크,기타,N
1079,261110,TIGER 미국달러선물레버리지,기타,N
1080,261120,TIGER 미국달러선물인버스2X,기타,N
1081,261140,TIGER 우선주,기타,N
1082,261220,KODEX WTI원유선물(H),기타,N
1083,261240,KODEX 미국달러선물,기타,N
1084,261250,KODEX 미국달러선물레버리지,기타,N
1085,261260,KODEX 미국달러선물인버스2X,기타,N
1086,261270,KODEX 미국달러선물인버스,기타,N
1087,261920,KINDEX 필리핀MSCI(합성),기타,N
1088,263190,ARIRANG 단기우량채권,기타,N
1089,264900,크라운제과,식품,N
1090,26490K,크라운제과우,식품,N
1091,265690,KINDEX 러시아MSCI(합성),기타,N
1092,266140,TIGER 지속배당,기타,N
1093,266160,KBSTAR 고배당,기타,N
1094,266360,KODEX 미디어&엔터테인먼트,기타,N
1095,266370,KODEX IT,기타,N
1096,266390,KODEX 경기소비재,기타,N
1097,266410,KODEX 필수소비재,기타,N
1098,266420,KODEX 헬스케어,기타,N
1099,266550,ARIRANG 중형주저변동50,기타,N
1100,267250,현대중공업지주,석유와가스,N
1101,267260,현대일렉트릭,전기장비,N
1102,267270,현대건설기계,기계,N
1103,267290,경동도시가스,가스유틸리티,N
1104,267440,KBSTAR 미국장기국채선물(H),기타,N
1105,267450,KBSTAR 미국장기국채선물인버스(H),기타,N
1106,267490,KBSTAR 미국장기국채선물레버리지(합성 H),기타,N
1107,267500,KBSTAR 미국장기국채선물인버스2X(합성 H),기타,N
1108,267770,TIGER 200선물레버리지,기타,N
1109,267850,아시아나IDT,IT서비스,N
1110,268280,미원에스씨,화학,N
1111,269370,TIGER S&P글로벌인프라(합성),기타,N
1112,269420,KODEX S&P글로벌인프라(합성),기타,N
1113,269530,ARIRANG S&P글로벌인프라,기타,N
1114,269540,ARIRANG 미국S&P500(H),기타,N
1115,270800,KBSTAR KQ고배당,기타,N
1116,270810,KBSTAR 코스닥150,기타,N
1117,271050,KODEX WTI원유선물인버스(H),기타,N
1118,271060,KODEX 3대농산물선물(H),기타,N
1119,271560,오리온,식품,N
1120,271980,제일약품,제약,N
1121,272210,한화시스템,우주항공과국방,N
1122,272220,KINDEX 스마트모멘텀,기타,N
1123,272230,KINDEX 스마트밸류,기타,N
1124,272450,진에어,항공사,N
1125,272550,삼양패키징,포장재,N
1126,272560,KBSTAR 단기국공채액티브,기타,N
1127,272570,KBSTAR 중장기국공채액티브,기타,N
1128,272580,TIGER 단기채권액티브,기타,N
1129,272910,KINDEX 중장기국공채액티브,기타,N
1130,273130,KODEX 종합채권(AA-이상)액티브,기타,N
1131,273140,KODEX 단기변동금리부채권액티브,기타,N
1132,275280,KODEX MSCI모멘텀,기타,N
1133,275290,KODEX MSCI밸류,기타,N
1134,275300,KODEX MSCI퀄리티,기타,N
1135,275750,KBSTAR 코스닥150선물인버스,기타,N
1136,275980,TIGER 글로벌4차산업혁신기술(합성 H),기타,N
1137,276000,TIGER 글로벌자원생산기업(합성 H),기타,N
1138,276650,KBSTAR 글로벌4차산업IT(합성 H),기타,N
1139,276970,KODEX 미국S&P고배당커버드콜(합성 H),기타,N
1140,276990,KODEX 글로벌4차산업로보틱스(합성),기타,N
1141,277540,KINDEX S&P아시아TOP50,기타,N
1142,277630,TIGER 코스피,기타,N
1143,277640,TIGER 코스피대형주,기타,N
1144,277650,TIGER 코스피중형주,기타,N
1145,278240,KBSTAR 코스닥150선물레버리지,기타,N
1146,278420,ARIRANG ESG우수기업,기타,N
1147,278530,KODEX 200TR,기타,N
1148,278540,KODEX MSCI Korea TR,기타,N
1149,278620,ARIRANG 단기채권액티브,기타,N
1150,279530,KODEX 고배당,기타,N
1151,279540,KODEX 최소변동성,기타,N
1152,280320,KINDEX 미국4차산업인터넷(합성 H),기타,N
1153,280360,롯데제과,식품,N
1154,280920,ARIRANG 주도업종,기타,N
1155,280930,KODEX 미국러셀2000(H),기타,N
1156,280940,KODEX 골드선물인버스(H),기타,N
1157,281820,케이씨텍,반도체와반도체장비,N
1158,281990,KBSTAR 중소형고배당,기타,N
1159,282000,KBSTAR 국고채3년선물인버스,기타,N
1160,282330,BGF리테일,백화점과일반상점,N
1161,282690,동아타이어,자동차부품,N
1162,283580,KODEX 중국본토CSI300,기타,N
1163,284430,KODEX 200미국채혼합,기타,N
1164,284740,쿠쿠홈시스,가정용기기와용품,N
1165,284980,KBSTAR 200금융,기타,N
1166,284990,KBSTAR 200에너지화학,기타,N
1167,285000,KBSTAR 200IT,기타,N
1168,285010,KBSTAR 200중공업,기타,N
1169,285020,KBSTAR 200철강소재,기타,N
1170,285130,SK케미칼,화학,N
1171,28513K,SK케미칼우,화학,N
1172,285690,FOCUS ESG리더스,기타,N
1173,286940,롯데정보통신,IT서비스,N
1174,287180,ARIRANG 미국나스닥기술주,기타,N
1175,287300,KBSTAR 200건설,기타,N
1176,287310,KBSTAR 200경기소비재,기타,N
1177,287320,KBSTAR 200산업재,기타,N
1178,287330,KBSTAR 200생활소비재,기타,N
1179,289040,KODEX MSCI KOREA ESG유니버설,기타,N
1180,289250,TIGER MSCI KOREA ESG유니버설,기타,N
1181,289260,TIGER MSCI KOREA ESG리더스,기타,N
1182,289480,TIGER 200커버드콜ATM,기타,N
1183,289670,ARIRANG 국채선물10년,기타,N
1184,290080,KBSTAR 200고배당커버드콜ATM,기타,N
1185,290130,KBSTAR ESG사회책임투자,기타,N
1186,291130,KINDEX 멕시코MSCI(합성),기타,N
1187,291610,KOSEF 코스닥150선물,기타,N
1188,291620,KOSEF 코스닥150선물인버스,기타,N
1189,291630,KOSEF 코스닥150선물레버리지,기타,N
1190,291660,KODEX China H선물인버스(H),기타,N
1191,291680,KBSTAR 차이나H선물인버스(H),기타,N
1192,291890,KODEX MSCI EM선물(H),기타,N
1193,292050,KBSTAR KRX300,기타,N
1194,292100,TIGER 대형성장,기타,N
1195,292110,TIGER 대형가치,기타,N
1196,292120,TIGER 중소형,기타,N
1197,292130,TIGER 중소형성장,기타,N
1198,292140,TIGER 중소형가치,기타,N
1199,292150,TIGER TOP10,기타,N
1200,292160,TIGER KRX300,기타,N
1201,292190,KODEX KRX300,기타,N
1202,292340,마이티 200커버드콜ATM레버리지,기타,N
1203,292500,SMART KRX300,기타,N
1204,292560,TIGER 일본엔선물,기타,N
1205,292570,TIGER 일본엔선물레버리지,기타,N
1206,292580,TIGER 일본엔선물인버스,기타,N
1207,292590,TIGER 일본엔선물인버스2X,기타,N
1208,292730,FOCUS KRX300,기타,N
1209,292750,ARIRANG KRX300,기타,N
1210,292770,KODEX 국채선물3년인버스,기타,N
1211,293180,HANARO 200,기타,N
1212,293480,하나제약,제약,N
1213,293940,신한알파리츠,부동산,N
1214,294400,KOSEF 200TR,기타,N
1215,294870,HDC현대산업개발,건설,N
1216,295000,KBSTAR 국채선물10년,기타,N
1217,295020,KBSTAR 국채선물10년인버스,기타,N
1218,295040,SMART 200TR,기타,N
1219,295820,ARIRANG 200동일가중,기타,N
1220,296710,KODEX FnKorea50,기타,N
1221,298000,효성화학,화학,N
1222,298020,효성티앤씨,"섬유,의류,신발,호화품",N
1223,298040,효성중공업,전기장비,N
1224,298050,효성첨단소재,화학,N
1225,298340,ARIRANG 국채선물3년,기타,N
1226,298690,에어부산,항공사,N
1227,298770,KODEX 한국대만IT프리미어,기타,N
1228,299070,KINDEX 국채선물10년인버스,기타,N
1229,299080,KINDEX 국채선물3년인버스,기타,N
1230,300280,KBSTAR 중소형모멘텀로우볼,기타,N
1231,300290,KBSTAR 중소형모멘텀밸류,기타,N
1232,300610,TIGER K게임,기타,N
1233,300640,KBSTAR 게임테마,기타,N
1234,300720,한일시멘트,건축자재,N
1235,300950,KODEX 게임산업,기타,N
1236,301400,ARIRANG 코스닥150,기타,N
1237,301410,ARIRANG 코스닥150선물인버스,기타,N
1238,301440,ARIRANG 코스피중형주,기타,N
1239,302170,TIGER 국채선물3년인버스,기타,N
1240,302180,TIGER 국채선물10년인버스,기타,N
1241,302190,TIGER 중장기국채,기타,N
1242,302200,TIGER 중장기국채선물인버스,기타,N
1243,302210,TIGER 중장기국채선물인버스2X,기타,N
1244,302450,KBSTAR 코스피,기타,N
1245,304660,KODEX 미국채울트라30년선물(H),기타,N
1246,304670,KODEX 미국채울트라30년선물인버스(H),기타,N
1247,304760,HANARO KRX300,기타,N
1248,304770,HANARO 코스닥150,기타,N
1249,304780,HANARO 200선물레버리지,기타,N
1250,304940,KODEX 미국나스닥100선물(H),기타,N
1251,305050,KINDEX 코스피,기타,N
1252,305080,TIGER 미국채10년선물,기타,N
1253,305540,TIGER 2차전지테마,기타,N
1254,305720,KODEX 2차전지산업,기타,N
1255,306200,세아제강,철강,N
1256,306520,HANARO 200선물인버스,기타,N
1257,306530,HANARO 코스닥150선물레버리지,기타,N
1258,306540,HANARO 단기통안채,기타,N
1259,306950,KODEX KRX300레버리지,기타,N
1260,306960,KODEX KRX300선물인버스,기타,N
1261,307010,KBSTAR KRX300레버리지,기타,N
1262,307020,KBSTAR KRX300선물인버스,기타,N
1263,307510,TIGER 의료기기,기타,N
1264,307520,TIGER 지주회사,기타,N
1265,307610,TIGER KRX300레버리지,기타,N
1266,307620,TIGER KRX300선물인버스,기타,N
1267,307950,현대오토에버,IT서비스,N
1268,308170,센트랄모텍,자동차부품,N
1269,308620,KODEX 미국채10년선물,기타,N
1270,309170,ARIRANG KRX300IT,기타,N
1271,309210,ARIRANG KRX300헬스케어,기타,N
1272,309230,KINDEX 미국WideMoat가치주,기타,N
1273,310080,KBSTAR 중국MSCI China선물(H),기타,N
1274,310960,TIGER 200TR,기타,N
1275,310970,TIGER MSCI Korea TR,기타,N
1276,314250,KODEX 미국FANG플러스(H),기타,N
1277,314700,HANARO 농업융복합산업,기타,N
1278,315270,TIGER 200커뮤니케이션서비스,기타,N
1279,315480,KBSTAR 200커뮤니케이션서비스,기타,N
1280,315930,KODEX Top5PlusTR,기타,N
1281,315960,KBSTAR 대형고배당10TR,기타,N
1282,316140,우리금융지주,은행,N
1283,316300,KINDEX 싱가포르리츠,기타,N
1284,316670,KOSEF 코스닥150,기타,N
1285,317400,자이에스앤디,건설,N
1286,319640,TIGER 골드선물(H),기타,N
1287,319870,KBSTAR KRX300미국달러선물혼합,기타,N
1288,321410,KODEX 멀티에셋하이인컴(H),기타,N
1289,322000,현대에너지솔루션,에너지장비및서비스,N
1290,322120,KINDEX 스마트퀄리티,기타,N
1291,322130,KINDEX 스마트로우볼,기타,N
1292,322150,KINDEX 스마트하이베타,기타,N
1293,322400,HANARO e커머스,기타,N
1294,322410,HANARO 고배당,기타,N
1295,325010,KODEX Fn성장,기타,N
1296,325020,KODEX 배당가치,기타,N
1297,326030,SK바이오팜,제약,N
1298,326230,KBSTAR 내수주플러스,기타,N
1299,326240,KBSTAR IT플러스,기타,N
1300,328370,ARIRANG 코스피TR,기타,N
1301,329200,TIGER 부동산인프라고배당,기타,N
1302,329650,KODEX TRF3070,기타,N
1303,329660,KODEX TRF5050,기타,N
1304,329670,KODEX TRF7030,기타,N
1305,329750,TIGER 미국달러단기채권액티브,기타,N
1306,330590,롯데리츠,부동산,N
1307,331910,KOSEF Fn중소형,기타,N
1308,332500,KINDEX 200TR,기타,N
1309,332610,ARIRANG 미국단기우량회사채,기타,N
1310,332620,ARIRANG 미국장기우량회사채,기타,N
1311,332930,HANARO 200TR,기타,N
1312,332940,HANARO MSCI Korea TR,기타,N
1313,333940,ARIRANG KS로우볼가중TR,기타,N
1314,333950,ARIRANG KS로우사이즈가중TR,기타,N
1315,333960,ARIRANG KS모멘텀가중TR,기타,N
1316,333970,ARIRANG KS밸류가중TR,기타,N
1317,333980,ARIRANG KS퀄리티가중TR,기타,N
1318,334690,KBSTAR 팔라듐선물(H),기타,N
1319,334700,KBSTAR 팔라듐선물인버스(H),기타,N
1320,334890,이지스밸류리츠,부동산,N
1321,336160,KBSTAR 금융채액티브,기타,N
1322,336260,두산퓨얼셀,전기제품,N
1323,33626K,두산퓨얼셀1우,전기제품,N
1324,33626L,두산퓨얼셀2우B,전기제품,N
1325,336370,두산솔루스,전자장비와기기,N
1326,33637K,두산솔루스1우,전자장비와기기,N
1327,33637L,두산솔루스2우B,전자장비와기기,N
1328,337120,KODEX Fn멀티팩터,기타,N
1329,337140,KODEX 코스피대형주,기타,N
1330,337150,KODEX 200exTOP,기타,N
1331,337160,KODEX 200ESG,기타,N
1332,338100,NH프라임리츠,부동산,N
1333,341850,TIGER KIS부동산인프라채권TR,기타,N
1334,342140,KINDEX 모닝스타싱가포르리츠채권혼합,기타,N
1335,342500,KBSTAR KRX국채선물3년10년스티프너,기타,N
1336,342600,KBSTAR KRX국채선물3년10년스티프너2X,기타,N
1337,342610,KBSTAR KRX국채선물3년10년플래트너,기타,N
1338,342620,KBSTAR KRX국채선물3년10년플래트너2X,기타,N
1339,344820,케이씨씨글라스,건축자재,N
1340,346000,HANARO KAP초장기국고채,기타,N
1341,348950,제이알글로벌리츠,부동산,N
1342,350520,이지스레지던스리츠,부동산,N
1343,352540,KODEX TSE일본리츠(H),기타,N
1344,352560,KODEX 다우존스미국리츠(H),기타,N
1345,353200,대덕전자,전자장비와기기,N
1346,35320K,대덕전자1우,전자장비와기기,N
1347,354240,KBSTAR 미국고정배당우선증권ICE TR,기타,N
1348,354350,HANARO 글로벌럭셔리S&P(합성),기타,N
1349,354500,KINDEX 코스닥150,기타,N
1350,356540,KINDEX KIS종합채권(AA-이상)액티브,기타,N
1351,357250,미래에셋맵스리츠,부동산,N
1352,357870,TIGER CD금리투자KIS(합성),기타,N
1353,359210,KODEX 코스피TR,기타,N
1354,360140,KODEX 200롱코스닥150숏선물,기타,N
1355,360150,KODEX 코스닥150롱코스피200숏선물,기타,N
1356,360200,KINDEX 미국S&P500,기타,N
1357,360750,TIGER 미국S&P500,기타,N
1358,361580,KBSTAR 200TR,기타,N
1359,361590,KBSTAR 코스피ex200,기타,N
1360,500053,신한 레버리지 천연가스 선물 ETN,기타,N
1361,500054,신한 인버스 2X 천연가스 선물 ETN,기타,N
1362,500007,신한 인버스 은 선물 ETN(H),기타,N
1363,500039,신한 코스피 콘도르 4/10% ETN,기타,N
1364,500042,신한 코스피 콘도르 6/10% ETN,기타,N
1365,500043,신한 코스피 콘도르 4/10% 콜 2204-01 ETN,기타,N
1366,500044,신한 코스피 콘도르 6/10% 콜 2204-01 ETN,기타,N
1367,500052,신한 FnGuide 5G 테마주 ETN,기타,N
1368,500001,신한 K200 USD 선물 바이셀 ETN,기타,N
1369,500002,신한 USD K200 선물 바이셀 ETN,기타,N
1370,500035,신한 레버리지 미국달러 선물 ETN,기타,N
1371,500036,신한 인버스 2X 미국달러 선물 ETN,기타,N
1372,500046,신한 코스피 월별 양매도 3% OTM ETN,기타,N
1373,500047,신한 코스피 월별 양매도 5% OTM ETN,기타,N
1374,500048,신한 코스피 월별 양매도 3% 콜 2206-1 ETN,기타,N
1375,500049,신한 코스피 월별 양매도 5% 콜 2206-1 ETN,기타,N
1376,500020,신한 레버리지 다우존스지수 선물 ETN(H),기타,N
1377,500028,신한 인버스 2X 다우존스지수 선물 ETN(H),기타,N
1378,500050,신한 레버리지 S&P500 선물 ETN,기타,N
1379,500051,신한 인버스 2X S&P500 선물 ETN,기타,N
1380,500003,신한 인버스 WTI원유 선물 ETN(H),기타,N
1381,500004,신한 브렌트원유 선물 ETN(H),기타,N
1382,500005,신한 인버스 브렌트원유 선물 ETN(H),기타,N
1383,500006,신한 인버스 금 선물 ETN(H),기타,N
1384,500008,신한 인버스 구리 선물 ETN(H),기타,N
1385,500009,신한 다우존스지수 선물 ETN(H),기타,N
1386,500010,신한 인버스 다우존스지수 선물 ETN(H),기타,N
1387,500011,신한 달러인덱스 선물 ETN(H),기타,N
1388,500012,신한 인버스 달러인덱스 선물 ETN(H),기타,N
1389,500013,신한 옥수수 선물 ETN(H),기타,N
1390,500014,신한 인버스 옥수수 선물 ETN(H),기타,N
1391,500015,신한 WTI원유 선물 ETN(H),기타,N
1392,500016,신한 금 선물 ETN(H),기타,N
1393,500017,신한 은 선물 ETN(H),기타,N
1394,500018,신한 구리 선물 ETN(H),기타,N
1395,500019,신한 레버리지 WTI원유 선물 ETN(H),기타,N
1396,500021,신한 천연가스 선물 ETN(H),기타,N
1397,500022,신한 인버스 천연가스 선물 ETN(H),기타,N
1398,500023,신한 콩 선물 ETN(H),기타,N
1399,500024,신한 인버스 콩 선물 ETN(H),기타,N
1400,500027,신한 인버스 2X WTI원유 선물 ETN(H),기타,N
1401,500029,신한 레버리지 은 선물 ETN(H),기타,N
1402,500030,신한 인버스 2X 은 선물 ETN(H),기타,N
1403,500031,신한 레버리지 천연가스 선물 ETN(H),기타,N
1404,500032,신한 인버스 2X 천연가스 선물 ETN(H),기타,N
1405,500037,신한 레버리지 금 선물 ETN,기타,N
1406,500038,신한 인버스 2X 금 선물 ETN,기타,N
1407,500040,신한 레버리지 구리 선물 ETN,기타,N
1408,500041,신한 인버스 2X 구리 선물 ETN,기타,N
1409,500045,신한 S&P500 VIX S/T 선물 ETN B,기타,N
1410,510001,대신 WTI원유 선물 ETN(H),기타,N
1411,510011,대신 골드 커버드콜 타겟 5%인컴 ETN(H),기타,N
1412,510002,대신 아연선물 ETN(H),기타,N
1413,510003,대신 니켈선물 ETN(H),기타,N
1414,510004,대신 인버스 아연선물 ETN(H),기타,N
1415,510005,대신 2X 아연선물 ETN(H),기타,N
1416,510006,대신 인버스 니켈선물 ETN(H),기타,N
1417,510007,대신 2X 니켈선물 ETN(H),기타,N
1418,510010,대신 인버스 2X 니켈선물 ETN(H),기타,N
1419,510008,대신 철광석 선물 ETN(H),기타,N
1420,510009,대신 인버스 철광석 선물 ETN(H),기타,N
1421,520004,미래에셋 전기전자 Core5 ETN,기타,N
1422,520005,미래에셋 인버스 전기전자 Core5 ETN,기타,N
1423,520006,미래에셋 에너지화학 Core5 ETN,기타,N
1424,520007,미래에셋 인버스 에너지화학 Core5 ETN,기타,N
1425,520013,미래에셋 Q150 Core5 ETN,기타,N
1426,520014,미래에셋 미디어엔터 Core5 ETN,기타,N
1427,520015,미래에셋 인버스 미디어엔터 Core5 ETN,기타,N
1428,520026,미래에셋 코스피 양매도 5% OTM ETN,기타,N
1429,520009,미래에셋 레버리지 원유선물혼합 ETN(H),기타,N
1430,520010,미래에셋 원유선물혼합 ETN(H),기타,N
1431,520011,미래에셋 인버스 원유선물혼합 ETN(H),기타,N
1432,520020,미래에셋 미국 시니어론 100 ETN(H),기타,N
1433,520021,미래에셋 미국 시니어론 100 ETN,기타,N
1434,520012,미래에셋 호주 ASX200 ETN(H),기타,N
1435,520003,미래에셋 원자재 선물 ETN(H),기타,N
1436,530003,삼성 모멘텀 탑픽 ETN,기타,N
1437,530004,삼성 화장품 테마주 ETN,기타,N
1438,530005,삼성 바이오 테마주 ETN,기타,N
1439,530006,삼성 음식료 테마주 ETN,기타,N
1440,530007,삼성 레저 테마주 ETN,기타,N
1441,530008,삼성 미디어 테마주 ETN,기타,N
1442,530009,삼성 증권 테마주 ETN,기타,N
1443,530010,삼성 건축자재 테마주 ETN,기타,N
1444,530011,삼성 온라인쇼핑 테마주 ETN,기타,N
1445,530012,삼성 화학 테마주 ETN,기타,N
1446,530013,삼성 KTOP30 ETN,기타,N
1447,530067,삼성 KRX 금현물 ETN,기타,N
1448,530053,삼성 코스피 풋매도 ETN,기타,N
1449,530060,삼성 코스피 양매도 5% OTM ETN,기타,N
1450,530066,삼성 코스피 풋매도 4% OTM ETN,기타,N
1451,530015,삼성 미국 대형 성장주 ETN(H),기타,N
1452,530016,삼성 미국 대형 가치주 ETN(H),기타,N
1453,530017,삼성 미국 중소형 성장주 ETN(H),기타,N
1454,530018,삼성 미국 중소형 가치주 ETN(H),기타,N
1455,530019,삼성 미국 대형 성장주 ETN,기타,N
1456,530020,삼성 미국 대형 가치주 ETN,기타,N
1457,530021,삼성 미국 중소형 성장주 ETN,기타,N
1458,530022,삼성 미국 중소형 가치주 ETN,기타,N
1459,530032,삼성 Cushing 에너지인프라 MLP ETN,기타,N
1460,530033,삼성 Alerian 에너지인프라 MLP ETN,기타,N
1461,530031,삼성 레버리지 WTI원유 선물 ETN,기타,N
1462,530036,삼성 인버스 2X WTI원유 선물 ETN,기타,N
1463,530037,삼성 레버리지 천연가스 선물 ETN,기타,N
1464,530038,삼성 인버스 2X 천연가스 선물 ETN,기타,N
1465,530055,삼성 레버리지 금 선물 ETN(H),기타,N
1466,530056,삼성 인버스 2X 금 선물 ETN(H),기타,N
1467,530061,삼성 레버리지 은 선물 ETN(H),기타,N
1468,530062,삼성 인버스 2X 은 선물 ETN(H),기타,N
1469,530063,삼성 레버리지 구리 선물 ETN(H),기타,N
1470,530064,삼성 인버스 2X 구리 선물 ETN(H),기타,N
1471,530065,삼성 S&P500 VIX S/T 선물 ETN(H) B,기타,N
1472,530002,삼성 인버스 China A50 선물 ETN(H),기타,N
1473,530014,삼성 China A50 선물 ETN(H),기타,N
1474,530023,삼성 레버리지 China A50 선물 ETN(H),기타,N
1475,550001,QV Big Vol ETN,기타,N
1476,550002,QV WISE 배당 ETN,기타,N
1477,550004,QV 롱숏 K150 매수 로우볼 매도 ETN,기타,N
1478,550005,QV 에너지 TOP5 ETN,기타,N
1479,550006,QV 내수소비 TOP5 ETN,기타,N
1480,550007,QV 조선 TOP5 ETN,기타,N
1481,550008,QV 소프트웨어 TOP5 ETN,기타,N
1482,550009,QV 하드웨어 TOP5 ETN,기타,N
1483,550010,QV 운송 TOP5 ETN,기타,N
1484,550011,QV 자동차 TOP5 ETN,기타,N
1485,550012,QV 의료 TOP5 ETN,기타,N
1486,550013,QV 화학 TOP5 ETN,기타,N
1487,550014,QV 바이오 TOP5 ETN,기타,N
1488,550015,QV 제약 TOP5 ETN,기타,N
1489,550016,QV 건설 TOP5 ETN,기타,N
1490,550026,QV KTOP30 ETN,기타,N
1491,550033,QV 스마트리밸런싱 260/4 ETN,기타,N
1492,550046,QV 레버리지 10년 국채선물 ETN,기타,N
1493,550047,QV 인버스 레버리지 10년 국채선물 ETN,기타,N
1494,550056,QV 코스피 양매도 5% OTM ETN,기타,N
1495,550057,QV 코스피 변동성 매칭형 양매도 ETN,기타,N
1496,550041,QV 미국 IT TOP5 ETN(H),기타,N
1497,550044,QV 레버리지 S&P500 ETN,기타,N
1498,550045,QV 인버스 레버리지 S&P500 ETN,기타,N
1499,550052,QV MSCI 선진국 ETN,기타,N
1500,550053,QV 인버스 MSCI 선진국 ETN,기타,N
1501,550054,QV 레버리지 MSCI 선진국 ETN,기타,N
1502,550055,QV 인버스 레버리지 MSCI 선진국 ETN,기타,N
1503,550042,QV 레버리지 WTI원유 선물 ETN(H),기타,N
1504,550043,QV 인버스 레버리지 WTI원유 선물 ETN(H),기타,N
1505,550058,QV S&P500 VIX S/T 선물 ETN B,기타,N
1506,550018,QV CHINEXT ETN(H),기타,N
1507,570045,TRUE 레버리지 천연가스 선물 ETN(H),기타,N
1508,570046,TRUE 인버스 2X 천연가스 선물 ETN(H),기타,N
1509,570047,TRUE FTSE100 ETN,기타,N
1510,570048,TRUE 유로스탁스50 양매도 5% OTM ETN(H),기타,N
1511,570049,TRUE S&P500 양매도 4% OTM ETN(H),기타,N
1512,570050,TRUE S&P500 선물 ETN,기타,N
1513,570051,TRUE 나스닥 100 ETN,기타,N
1514,570003,TRUE 빅5 동일가중 ETN,기타,N
1515,570008,TRUE 섹터탑픽 ETN,기타,N
1516,570009,TRUE 코리아프리미어 ETN,기타,N
1517,570019,TRUE 코스피 양매도 5% OTM ETN,기타,N
1518,570020,TRUE 코스피 커버드콜 ETN B,기타,N
1519,570021,TRUE 코스피 커버드풋 ETN B,기타,N
1520,570024,TRUE 코스피 타겟볼20 ETN,기타,N
1521,570029,TRUE 코스피 양매도 3% OTM ETN,기타,N
1522,570030,TRUE 코스피 양매도 ATM ETN,기타,N
1523,570022,TRUE 레버리지 S&P500 선물 ETN(H),기타,N
1524,570023,TRUE 인버스 2X S&P500 선물 ETN(H),기타,N
1525,570042,TRUE 인버스 나스닥 100 ETN,기타,N
1526,570043,TRUE 레버리지 나스닥 100 ETN,기타,N
1527,570044,TRUE 인버스 2X 나스닥 100 ETN,기타,N
1528,570025,TRUE 인버스 유로스탁스50 ETN(H) B,기타,N
1529,570026,TRUE 레버리지 유로스탁스50 ETN(H),기타,N
1530,570027,TRUE 인버스 2X 유로스탁스50 ETN(H),기타,N
1531,570037,TRUE 유로선물 ETN B,기타,N
1532,570038,TRUE 인버스 유로선물 ETN B,기타,N
1533,570034,TRUE 엔선물 ETN B,기타,N
1534,570035,TRUE 레버리지 엔선물 ETN B,기타,N
1535,570036,TRUE 인버스 엔선물 ETN B,기타,N
1536,570028,TRUE 인버스 HSCEI ETN(H) B,기타,N
1537,570031,TRUE 레버리지 HSCEI ETN(H),기타,N
1538,570032,TRUE 인버스 2X HSCEI ETN(H),기타,N
1539,580006,KB KTOP30 ETN,기타,N
1540,580007,KB KQ 우량주30 ETN,기타,N
1541,580008,KB 코스피 양매도 5% OTM ETN,기타,N
1542,580009,KB 코스피 마운틴 ETN,기타,N
1543,580010,KB Wise 분할매매 ETN,기타,N
1544,590007,미래에셋 미국 대형주 ETN(H),기타,N
1545,590008,미래에셋 미국 중형주 ETN(H),기타,N
1546,590009,미래에셋 미국 항공우주 ETN(H),기타,N
1547,590010,미래에셋 레버리지 S&P500 ETN(H),기타,N
1548,590011,미래에셋 인버스 S&P500 ETN(H),기타,N
1549,590013,미래에셋 미국 리츠 ETN(H),기타,N
1550,590016,미래에셋 미국 헬스케어 ETN(H),기타,N
1551,590017,미래에셋 미국 고배당주 ETN(H),기타,N
1552,590003,미래에셋 유럽 대형주 ETN(H),기타,N
1553,590004,미래에셋 유럽 중형주 ETN(H),기타,N
1554,590005,미래에셋 일본 대형주 ETN(H),기타,N
1555,590006,미래에셋 일본 중형주 ETN(H),기타,N
1556,590018,미래에셋 중국 심천 100 ETN,기타,N
1557,590012,미래에셋 글로벌 리츠 ETN(H),기타,N
1558,700001,하나 코스피 변동성추세 추종 양매도 ETN,기타,N
1559,900140,엘브이엠씨홀딩스,자동차,N
1560,,,,
